172.27.19.1,CSEWS1
172.27.19.2,CSEWS2
172.27.19.3,CSEWS3
172.27.19.4,CSEWS4
172.27.19.5,CSEWS5
172.27.19.6,CSEWS6
172.27.19.7,CSEWS7
172.27.19.8,CSEWS8
172.27.19.9,CSEWS9
172.27.19.10,CSEWS10
172.27.19.11,CSEWS11
172.27.19.12,CSEWS12
172.27.19.13,CSEWS13
172.27.19.14,CSEWS14
172.27.19.15,CSEWS15
172.27.19.16,CSEWS16
172.27.19.17,CSEWS17
172.27.19.18,CSEWS18
172.27.19.19,CSEWS19
172.27.19.20,CSEWS20
172.27.19.21,CSEWS21
172.27.19.22,CSEWS22
172.27.19.23,CSEWS23
172.27.19.24,CSEWS24
172.27.19.25,CSEWS25
172.27.19.26,CSEWS26
172.27.19.27,CSEWS27
172.27.19.28,CSEWS28
172.27.19.29,CSEWS29
172.27.19.30,CSEWS30
172.27.19.31,CSEWS31
172.27.19.32,CSEWS32
172.27.19.33,CSEWS33
172.27.19.34,CSEWS34
172.27.19.35,CSEWS35
172.27.19.36,CSEWS36
172.27.19.37,CSEWS37
172.27.19.38,CSEWS38
172.27.19.39,CSEWS39
172.27.19.40,CSEWS40
172.27.19.41,CSEWS41
172.27.19.42,CSEWS42
172.27.19.43,CSEWS43
172.27.19.44,CSEWS44
172.27.19.45,CSEWS45
172.27.19.46,CSEWS46
172.27.19.47,CSEWS47
172.27.19.48,CSEWS48
172.27.19.49,CSEWS49
172.27.19.50,CSEWS50
172.27.19.51,CSEWS51
172.27.19.52,CSEWS52
172.27.19.53,CSEWS53
172.27.19.54,CSEWS54
172.27.19.55,CSEWS55
172.27.19.56,CSEWS56
172.27.19.57,CSEWS57
172.27.19.58,CSEWS58
172.27.19.59,CSEWS59
172.27.19.60,CSEWS60
172.27.19.61,CSEWS61
172.27.19.62,CSEWS62
172.27.19.63,CSEWS63
172.27.19.64,CSEWS64
172.27.19.65,CSEWS65
172.27.19.66,CSEWS66
172.27.19.67,CSEWS67
172.27.19.68,CSEWS68
172.27.19.69,CSEWS69
172.27.19.70,CSEWS70
172.27.19.71,CSEWS71
172.27.19.72,CSEWS72
172.27.19.73,CSEWS73
172.27.19.74,CSEWS74
172.27.19.75,CSEWS75
172.27.19.76,CSEWS76
172.27.19.77,CSEWS77
172.27.19.78,CSEWS78
172.27.19.79,CSEWS79
172.27.19.80,CSEWS80
172.27.19.81,CSEWS81
172.27.19.82,CSEWS82
172.27.19.83,CSEWS83
172.27.19.84,CSEWS84
172.27.19.85,CSEWS85
172.27.19.86,CSEWS86
172.27.19.87,CSEWS87
172.27.19.88,CSEWS88
172.27.19.89,CSEWS89
172.27.19.90,CSEWS90
172.27.19.91,CSEWS91
172.27.19.92,CSEWS92
172.27.19.93,CSEWS93
172.27.19.94,CSEWS94
172.27.19.95,CSEWS95
172.27.19.96,CSEWS96
172.27.19.97,CSEWS97
172.27.19.98,CSEWS98
172.27.19.99,CSEWS99
172.27.19.100,CSEWS100
172.27.19.101,CSEWS101
172.27.19.102,CSEWS102
172.27.19.103,CSEWS103
172.27.19.104,CSEWS104
172.27.19.105,CSEWS105
172.27.19.106,CSEWS106
172.27.19.107,CSEWS107
172.27.19.108,CSEWS108
172.27.19.109,CSEWS109
172.27.19.110,CSEWS110
172.27.19.111,CSEWS111
172.27.19.112,CSEWS112
172.27.19.113,CSEWS113
172.27.19.114,CSEWS114
172.27.19.115,CSEWS115
172.27.19.116,CSEWS116
172.27.19.117,CSEWS117
172.27.19.118,CSEWS118
172.27.19.119,CSEWS119
172.27.19.120,CSEWS120
172.27.19.121,CSEWS121
172.27.19.122,CSEWS122
172.27.19.123,CSEWS123
172.27.19.124,CSEWS124
